id,name
1,Patrick Doyle
2,Thomas Deleon
3,Andrew Roberts
4,Kimberly Deleon
5,Maria Fisher
6,Nathan Dennis
7,Rachel West
8,Kyle Villarreal
9,Nancy Carr
10,Kevin Terry
11,Michael Adams
12,Jonathan Price
13,Eric Smith
14,Dennis Allen
15,Alan Baker
16,Ashley Mcdonald
17,Jason Frank
18,Sheila Harrison
19,Gloria Shannon
20,John Anderson
21,Douglas Dyer
22,Jeffrey Fernandez
23,Alexis Taylor
24,Amanda Chapman
25,Tammy Turner
26,Gary Hobbs DDS
27,Brian Mcknight
28,Robert Brown
29,Kelli Gilbert
30,Samantha Gray
31,Rhonda Campbell
32,Barbara Jones
33,Kenneth Lee
34,Doris Johnson
35,Maria George
36,Joseph Reese
37,Thomas Jones
38,Jesus Nunez
39,Charles Hunt
40,Kimberly Garcia
41,Sean Cox
42,Carrie Jensen
43,Drew Hamilton
44,Ryan Friedman
45,Nicole Robertson
46,Wesley Leon
47,James Fernandez
48,Natasha Fisher
49,Joseph Smith
50,Leslie King
51,Cody Fox
52,Jesus Mason
53,Ryan Liu
54,Darlene Vaughn
55,Teresa Howard
56,Carl Knight
57,Catherine Perry
58,Sara Coleman
59,Vincent Miranda
60,Thomas Vasquez
61,Samantha Fields
62,Andrea Deleon
63,Lori Tucker
64,Sara Washington
65,Sheila Reyes
66,Kevin Armstrong
67,John Ortega
68,Ashley Long
69,Scott Bell
70,Victoria Andrews
71,Isaac Taylor
72,Heather Avery
73,Wendy Cuevas
74,Aaron Dean
75,Jacob Black
76,Margaret Harris
77,Jacqueline Martinez
78,Christopher Smith
79,Daniel Bowers
80,Rebekah Todd
81,Jenna Taylor
82,Jennifer Tate
83,Jamie Heath
84,Matthew Norman
85,Jessica Brooks
86,Erik Singh
87,April Bryant
88,Kimberly Boone
89,Jacob Johnson
90,Christine Davis
91,Wayne Robinson
92,Latasha Gonzalez
93,Teresa Castro
94,Jennifer Carrillo
95,Stephanie Miller
96,Jill Davis
97,Rebecca Leon
98,Antonio Curry
99,Chris Flowers
100,Michael Patterson
101,Jared Mckinney
102,Sharon Pruitt
103,Lorraine Hill
104,Scott Castro
105,James Hayes
106,Michael Rios
107,Sabrina Rodriguez
108,Thomas Carpenter
109,Rachael Gonzalez
110,Jessica Young
111,Brian Jones
112,Natalie Ferguson
113,Mathew Hinton
114,Eric Gomez
115,John Torres
116,Victor Rogers
117,Christine Jordan
118,Michelle Mendez
119,Rebecca Roman
120,Beverly Carter
121,Steven Wilson
122,Bobby Cabrera
123,Ashley Smith
124,Ashley Monroe
125,Taylor Walker
126,Valerie Dixon
127,Richard Hendrix
128,David Nelson
129,Jamie Foster
130,Keith Cunningham
131,Howard James
132,Kyle Goodman
133,Michael Roberts
134,Steven Stewart
135,Morgan Smith
136,Austin Bates
137,Emily Sanders
138,Kelly Crawford
139,Andrew Brown
140,Elizabeth Hendricks
141,John Rivera
142,Amber Jones
143,Cory Martinez
144,Theresa Jackson
145,Cynthia Knox
146,Robert Sanchez
147,Erin Webb
148,Shane Weaver
149,Elizabeth Skinner
150,Shawna Williams
151,Samantha Ballard
152,Heidi Patterson
153,Nathan Cole
154,Rhonda Wolf
155,Hannah Brown
156,Edward Cameron
157,Dillon Cook
158,Sara Benitez
159,Monica Patterson
160,Dave Allen
161,Shawn Welch
162,Virginia Wilson
163,Victoria Ramirez
164,Anthony Lee
165,Joshua Byrd
166,Robert Lin
167,Robert Castro
168,Sally Johnson
169,Alejandro Wells
170,Mark Adkins
171,Peter Fowler
172,Anita Hill
173,Robert Powell
174,John Chang
175,Marvin Guerra
176,Robert Ramirez
177,Theodore Jefferson
178,Darren Taylor
179,Andre Delgado
180,Paul Sanchez
181,Jonathan Simpson
182,Jacqueline Robbins
183,Renee Reyes
184,Carol Parker
185,Samantha Joyce
186,Christina Wells
187,Mrs. Amanda Reyes
188,Heather Duffy
189,Paula Watts
190,Stephen Johnson
191,Tyler Morrow
192,Craig Parker
193,Brandon Baldwin
194,Wanda Jackson
195,Jordan Yang
196,Tyler Parrish
197,Christopher Powell
198,Kaitlyn Williams
199,Brittany Howard
200,Larry Hall
